<?xml version = '1.0' encoding = 'UTF-8'?>
<FKIndexAssociation class="oracle.dbtools.crest.model.design.relational.FKIndexAssociation" directorySegmentName="seg_0" id="07DD9262-FA46-1D1D-D2BA-518D5ACD454F" containerWithKeyObject="B058C053-F6BE-E96E-DFB1-1E5643A17A4A" localFKIndex="56511AB6-BCCE-0080-E5DB-AEBC3428E573" name="CUE_BANC_USU_FK">
<createdBy>Erick Marín</createdBy>
<createdTime>2016-08-11 17:19:52 UTC</createdTime>
<ownerDesignName>Youtube</ownerDesignName>
<deleteRule>NO ACTION</deleteRule>
<referredTableID>FE16E819-8341-2898-BDE9-ACEC566AD882</referredTableID>
<keyObject>4768077E-7E03-0CB5-688B-7EEEA15D4BB5</keyObject>
<referredKeyID>4768077E-7E03-0CB5-688B-7EEEA15D4BB5</referredKeyID>
<mandatory>true</mandatory>
<transferable>true</transferable>
<rely>false</rely>
<columnDependencyConstraintGenerateInDDL>true</columnDependencyConstraintGenerateInDDL>
</FKIndexAssociation>