<?xml version = '1.0' encoding = 'UTF-8'?>
<FKIndexAssociation class="oracle.dbtools.crest.model.design.relational.FKIndexAssociation" directorySegmentName="seg_0" id="0CE2EC6E-A4BD-FF27-094F-FF66CF99B5E3" containerWithKeyObject="0724FDA3-9F80-C15D-38EA-84DDC3005CA3" localFKIndex="6B918B38-7390-6A8A-ED3A-4CC6E409F3D1" name="TBL_VIDEOS_TBL_CANALES_FK">
<createdBy>Erick Marín</createdBy>
<createdTime>2016-08-09 17:33:41 UTC</createdTime>
<ownerDesignName>Youtube</ownerDesignName>
<deleteRule>NO ACTION</deleteRule>
<referredTableID>BD62D851-F97B-B271-96F2-4645AC3E248E</referredTableID>
<keyObject>802BCE9A-F52E-3213-BF67-E51803EB0436</keyObject>
<referredKeyID>802BCE9A-F52E-3213-BF67-E51803EB0436</referredKeyID>
<mandatory>true</mandatory>
<transferable>true</transferable>
<rely>false</rely>
<columnDependencyConstraintGenerateInDDL>true</columnDependencyConstraintGenerateInDDL>
</FKIndexAssociation>