<?xml version = '1.0' encoding = 'UTF-8'?>
<FKIndexAssociation class="oracle.dbtools.crest.model.design.relational.FKIndexAssociation" directorySegmentName="seg_0" id="138A2C1A-60E3-1EAD-E2F6-04ACDEDF1723" containerWithKeyObject="F9E1EAA1-BAC9-30FB-D8D1-DAC84EA08274" localFKIndex="F1C1C369-C59E-5B06-B0AF-9EF067239323" name="LIST_REPR_USU_FK">
<createdBy>Erick Marín</createdBy>
<createdTime>2016-08-08 17:20:13 UTC</createdTime>
<ownerDesignName>Youtube</ownerDesignName>
<deleteRule>NO ACTION</deleteRule>
<referredTableID>FE16E819-8341-2898-BDE9-ACEC566AD882</referredTableID>
<keyObject>4768077E-7E03-0CB5-688B-7EEEA15D4BB5</keyObject>
<referredKeyID>4768077E-7E03-0CB5-688B-7EEEA15D4BB5</referredKeyID>
<mandatory>true</mandatory>
<transferable>true</transferable>
<rely>false</rely>
<columnDependencyConstraintGenerateInDDL>true</columnDependencyConstraintGenerateInDDL>
</FKIndexAssociation>