<?xml version = '1.0' encoding = 'UTF-8'?>
<FKIndexAssociation class="oracle.dbtools.crest.model.design.relational.FKIndexAssociation" directorySegmentName="seg_0" id="1CB4FAD8-8514-54B3-AC0A-032FAFDF676E" containerWithKeyObject="6C146829-910D-F66A-837E-0B42EE003A9E" localFKIndex="764D40FB-2C44-2E22-452D-5872F83E400C" name="TRANS_PAG_USU_FK">
<createdBy>Erick Marín</createdBy>
<createdTime>2016-08-10 17:50:44 UTC</createdTime>
<ownerDesignName>Youtube</ownerDesignName>
<deleteRule>NO ACTION</deleteRule>
<referredTableID>FE16E819-8341-2898-BDE9-ACEC566AD882</referredTableID>
<keyObject>4768077E-7E03-0CB5-688B-7EEEA15D4BB5</keyObject>
<referredKeyID>4768077E-7E03-0CB5-688B-7EEEA15D4BB5</referredKeyID>
<mandatory>true</mandatory>
<transferable>true</transferable>
<rely>false</rely>
<columnDependencyConstraintGenerateInDDL>true</columnDependencyConstraintGenerateInDDL>
</FKIndexAssociation>