<?xml version = '1.0' encoding = 'UTF-8'?>
<FKIndexAssociation class="oracle.dbtools.crest.model.design.relational.FKIndexAssociation" directorySegmentName="seg_0" id="4FA7FE3B-A566-9E3F-BB21-DEF9FDC4C7B5" containerWithKeyObject="4040AF66-73AA-467A-3817-ADAF7295ED2E" localFKIndex="80645587-2725-5530-915B-79B7D633D4DF" name="TBL_NOTI_TBL_VIDEOS_FK">
<createdBy>erick.marin</createdBy>
<createdTime>2024-03-08 16:02:38 UTC</createdTime>
<ownerDesignName>Youtube</ownerDesignName>
<referredTableLongName>TBL_VIDEOS</referredTableLongName>
<deleteRule>NO ACTION</deleteRule>
<referredTableID>0724FDA3-9F80-C15D-38EA-84DDC3005CA3</referredTableID>
<keyObject>A7E06B4F-AAD4-A5EB-B82D-CF9C9ADB2F05</keyObject>
<referredKeyID>A7E06B4F-AAD4-A5EB-B82D-CF9C9ADB2F05</referredKeyID>
<mandatory>false</mandatory>
<refColNames>CODIGO_VIDEO</refColNames>
<transferable>true</transferable>
<rely>false</rely>
<columnDependencyConstraintGenerateInDDL>true</columnDependencyConstraintGenerateInDDL>
</FKIndexAssociation>