<?xml version = '1.0' encoding = 'UTF-8'?>
<FKIndexAssociation class="oracle.dbtools.crest.model.design.relational.FKIndexAssociation" directorySegmentName="seg_0" id="64854530-FF19-A5B4-D7EE-640715027B83" containerWithKeyObject="1F1D6CA5-1DF7-B5D0-4C03-48C77CF73BD4" localFKIndex="E536B22D-AA1C-D36D-82A4-8BDF1AA22031" name="LIS_FAV_USU_FK">
<createdBy>Erick Marín</createdBy>
<createdTime>2016-08-08 17:39:16 UTC</createdTime>
<ownerDesignName>Youtube</ownerDesignName>
<deleteRule>NO ACTION</deleteRule>
<referredTableID>FE16E819-8341-2898-BDE9-ACEC566AD882</referredTableID>
<keyObject>4768077E-7E03-0CB5-688B-7EEEA15D4BB5</keyObject>
<referredKeyID>4768077E-7E03-0CB5-688B-7EEEA15D4BB5</referredKeyID>
<mandatory>true</mandatory>
<transferable>true</transferable>
<rely>false</rely>
<columnDependencyConstraintGenerateInDDL>true</columnDependencyConstraintGenerateInDDL>
</FKIndexAssociation>