<?xml version = '1.0' encoding = 'UTF-8'?>
<FKIndexAssociation class="oracle.dbtools.crest.model.design.relational.FKIndexAssociation" directorySegmentName="seg_0" id="6952C857-7669-254F-CD7F-6614297F63DB" containerWithKeyObject="EA51652B-CE0B-A33D-5E08-31287EA2D22A" localFKIndex="11D210DB-77A4-62CB-A577-253839E27B17" name="TABLE_10_TBL_VIDEOS_FK">
<createdBy>Erick Marín</createdBy>
<createdTime>2016-08-04 17:43:59 UTC</createdTime>
<ownerDesignName>Youtube</ownerDesignName>
<deleteRule>NO ACTION</deleteRule>
<referredTableID>0724FDA3-9F80-C15D-38EA-84DDC3005CA3</referredTableID>
<keyObject>A7E06B4F-AAD4-A5EB-B82D-CF9C9ADB2F05</keyObject>
<referredKeyID>A7E06B4F-AAD4-A5EB-B82D-CF9C9ADB2F05</referredKeyID>
<mandatory>true</mandatory>
<transferable>true</transferable>
<rely>false</rely>
<columnDependencyConstraintGenerateInDDL>true</columnDependencyConstraintGenerateInDDL>
</FKIndexAssociation>