<?xml version = '1.0' encoding = 'UTF-8'?>
<FKIndexAssociation class="oracle.dbtools.crest.model.design.relational.FKIndexAssociation" directorySegmentName="seg_0" id="6FDC0C41-EF73-EDCC-F873-2562D2922090" containerWithKeyObject="8A7FB10A-684C-19EB-BDF5-E9745D682CDD" localFKIndex="506E0601-2B58-B8CF-81B1-2CC619BC50D8" name="LIS_X_USU_LIST_REP_FK">
<createdBy>Erick Marín</createdBy>
<createdTime>2016-08-08 17:22:17 UTC</createdTime>
<ownerDesignName>Youtube</ownerDesignName>
<deleteRule>NO ACTION</deleteRule>
<referredTableID>F9E1EAA1-BAC9-30FB-D8D1-DAC84EA08274</referredTableID>
<keyObject>CEF7643A-5D35-716A-55CE-C1C4B915CF36</keyObject>
<referredKeyID>CEF7643A-5D35-716A-55CE-C1C4B915CF36</referredKeyID>
<mandatory>true</mandatory>
<transferable>true</transferable>
<rely>false</rely>
<columnDependencyConstraintGenerateInDDL>true</columnDependencyConstraintGenerateInDDL>
</FKIndexAssociation>