<?xml version = '1.0' encoding = 'UTF-8'?>
<FKIndexAssociation class="oracle.dbtools.crest.model.design.relational.FKIndexAssociation" directorySegmentName="seg_0" id="7AA8907A-CA4A-FB5A-0150-7DFA0429B28F" containerWithKeyObject="CADAC991-772A-F831-9335-2C54CF9D0081" localFKIndex="77D90F0E-707C-1302-AA26-28BADB62F188" name="TBL_DEN_TBL_USUARIOS_FK">
<createdBy>Erick Marín</createdBy>
<createdTime>2016-08-11 17:25:22 UTC</createdTime>
<ownerDesignName>Youtube</ownerDesignName>
<deleteRule>NO ACTION</deleteRule>
<referredTableID>FE16E819-8341-2898-BDE9-ACEC566AD882</referredTableID>
<keyObject>4768077E-7E03-0CB5-688B-7EEEA15D4BB5</keyObject>
<referredKeyID>4768077E-7E03-0CB5-688B-7EEEA15D4BB5</referredKeyID>
<mandatory>true</mandatory>
<transferable>true</transferable>
<rely>false</rely>
<columnDependencyConstraintGenerateInDDL>true</columnDependencyConstraintGenerateInDDL>
</FKIndexAssociation>