<?xml version = '1.0' encoding = 'UTF-8'?>
<FKIndexAssociation class="oracle.dbtools.crest.model.design.relational.FKIndexAssociation" directorySegmentName="seg_0" id="AFD43E8C-D95C-0A80-22BE-55D8019AAE74" containerWithKeyObject="7AA59E1C-2CE5-50DD-EBA4-AACBF5BF0130" localFKIndex="6BC10A03-24E5-2CD8-2DC0-219F2E51FAE1" name="TBL_LUGARES_TBL_LUGARES_FK">
<createdBy>Erick Marín</createdBy>
<createdTime>2016-08-04 17:11:36 UTC</createdTime>
<ownerDesignName>Youtube</ownerDesignName>
<deleteRule>NO ACTION</deleteRule>
<referredTableID>7AA59E1C-2CE5-50DD-EBA4-AACBF5BF0130</referredTableID>
<keyObject>BE128E1D-3889-4573-23CE-B69A79499E48</keyObject>
<referredKeyID>BE128E1D-3889-4573-23CE-B69A79499E48</referredKeyID>
<mandatory>false</mandatory>
<transferable>true</transferable>
<rely>false</rely>
<columnDependencyConstraintGenerateInDDL>true</columnDependencyConstraintGenerateInDDL>
</FKIndexAssociation>