<?xml version = '1.0' encoding = 'UTF-8'?>
<FKIndexAssociation class="oracle.dbtools.crest.model.design.relational.FKIndexAssociation" directorySegmentName="seg_0" id="D6CC3ABC-D618-F9BB-1DDB-D83A90E3371B" containerWithKeyObject="1A5034AA-FE45-AA02-B879-620E3FDF1425" localFKIndex="2786C4C7-F279-ADB9-D8AB-09B0CD2C2019" name="USU_X_CAN_USU_FK">
<createdBy>Erick Marín</createdBy>
<createdTime>2016-08-09 17:29:33 UTC</createdTime>
<ownerDesignName>Youtube</ownerDesignName>
<deleteRule>NO ACTION</deleteRule>
<referredTableID>FE16E819-8341-2898-BDE9-ACEC566AD882</referredTableID>
<keyObject>4768077E-7E03-0CB5-688B-7EEEA15D4BB5</keyObject>
<referredKeyID>4768077E-7E03-0CB5-688B-7EEEA15D4BB5</referredKeyID>
<mandatory>true</mandatory>
<transferable>true</transferable>
<rely>false</rely>
<columnDependencyConstraintGenerateInDDL>true</columnDependencyConstraintGenerateInDDL>
</FKIndexAssociation>