<?xml version = '1.0' encoding = 'UTF-8'?>
<FKIndexAssociation class="oracle.dbtools.crest.model.design.relational.FKIndexAssociation" directorySegmentName="seg_0" id="E010637C-EDD4-DC74-6565-8FD1635C795D" containerWithKeyObject="4040AF66-73AA-467A-3817-ADAF7295ED2E" localFKIndex="8E1CCFC3-1BA2-DF0B-D996-AE5153235229" name="TBL_NOTI_TBL_USUARIOS_FKv2">
<createdBy>erick.marin</createdBy>
<createdTime>2024-03-08 16:04:13 UTC</createdTime>
<ownerDesignName>Youtube</ownerDesignName>
<referredTableLongName>TBL_USUARIOS</referredTableLongName>
<deleteRule>NO ACTION</deleteRule>
<referredTableID>FE16E819-8341-2898-BDE9-ACEC566AD882</referredTableID>
<keyObject>4768077E-7E03-0CB5-688B-7EEEA15D4BB5</keyObject>
<referredKeyID>4768077E-7E03-0CB5-688B-7EEEA15D4BB5</referredKeyID>
<mandatory>false</mandatory>
<refColNames>CODIGO_USUARIO</refColNames>
<transferable>true</transferable>
<rely>false</rely>
<columnDependencyConstraintGenerateInDDL>true</columnDependencyConstraintGenerateInDDL>
</FKIndexAssociation>