<?xml version = '1.0' encoding = 'UTF-8'?>
<FKIndexAssociation class="oracle.dbtools.crest.model.design.relational.FKIndexAssociation" directorySegmentName="seg_0" id="E4D24091-91D1-A7CC-8652-0AAAD3FC4295" containerWithKeyObject="B058C053-F6BE-E96E-DFB1-1E5643A17A4A" localFKIndex="73B98E33-FB79-0F6B-B847-252651FA6538" name="CUENTAS_BANC_LUGARES_FK">
<createdBy>Erick Marín</createdBy>
<createdTime>2016-08-11 17:19:05 UTC</createdTime>
<ownerDesignName>Youtube</ownerDesignName>
<deleteRule>NO ACTION</deleteRule>
<referredTableID>7AA59E1C-2CE5-50DD-EBA4-AACBF5BF0130</referredTableID>
<keyObject>BE128E1D-3889-4573-23CE-B69A79499E48</keyObject>
<referredKeyID>BE128E1D-3889-4573-23CE-B69A79499E48</referredKeyID>
<mandatory>true</mandatory>
<transferable>true</transferable>
<rely>false</rely>
<columnDependencyConstraintGenerateInDDL>true</columnDependencyConstraintGenerateInDDL>
</FKIndexAssociation>