<?xml version = '1.0' encoding = 'UTF-8'?>
<FKIndexAssociation class="oracle.dbtools.crest.model.design.relational.FKIndexAssociation" directorySegmentName="seg_0" id="EF2EF2B9-5508-9A29-EE25-7BEC58AD818A" containerWithKeyObject="4040AF66-73AA-467A-3817-ADAF7295ED2E" localFKIndex="316F525E-6A07-2C18-3E57-19838CC513ED" name="TBL_NOTI_USUARIOS_FK">
<createdBy>erick.marin</createdBy>
<createdTime>2024-03-08 16:03:03 UTC</createdTime>
<ownerDesignName>Youtube</ownerDesignName>
<referredTableLongName>TBL_USUARIOS</referredTableLongName>
<deleteRule>NO ACTION</deleteRule>
<referredTableID>FE16E819-8341-2898-BDE9-ACEC566AD882</referredTableID>
<keyObject>4768077E-7E03-0CB5-688B-7EEEA15D4BB5</keyObject>
<referredKeyID>4768077E-7E03-0CB5-688B-7EEEA15D4BB5</referredKeyID>
<mandatory>true</mandatory>
<refColNames>CODIGO_USUARIO</refColNames>
<transferable>true</transferable>
<rely>false</rely>
<columnDependencyConstraintGenerateInDDL>true</columnDependencyConstraintGenerateInDDL>
</FKIndexAssociation>