<?xml version = '1.0' encoding = 'UTF-8'?>
<Table class="oracle.dbtools.crest.model.design.relational.Table" directorySegmentName="seg_0" id="106683AA-8C3F-0D74-1CB4-EDCD26E65FCB" name="TBL_TIPOS_PAGO">
<createdBy>Erick Marín</createdBy>
<createdTime>2016-08-10 17:50:01 UTC</createdTime>
<ownerDesignName>Youtube</ownerDesignName>
<allowColumnReorder>false</allowColumnReorder>
<existDependencyGenerateInDDl>true</existDependencyGenerateInDDl>
<columns itemClass="oracle.dbtools.crest.model.design.relational.Column">
<Column name="CODIGO_TIPO_PAGO" id="5778B6AB-0857-D001-ED8C-93BAD01B9735">
<createdBy>Erick Marín</createdBy>
<createdTime>2016-08-10 17:50:32 UTC</createdTime>
<ownerDesignName>Youtube</ownerDesignName>
<useDomainConstraints>false</useDomainConstraints>
<use>1</use>
<logicalDatatype>LOGDT011</logicalDatatype>
<autoIncrementCycle>false</autoIncrementCycle>
</Column>
<Column name="TIPO_PAGO" id="EFBDED36-1DE0-A5A7-FBB6-E2C603D16D58">
<createdBy>Erick Marín</createdBy>
<createdTime>2016-08-10 17:50:32 UTC</createdTime>
<ownerDesignName>Youtube</ownerDesignName>
<useDomainConstraints>false</useDomainConstraints>
<use>1</use>
<logicalDatatype>A3A3C77D-0366-9768-FF89-1C25E56881C8</logicalDatatype>
<dataTypeSize>200</dataTypeSize>
<autoIncrementCycle>false</autoIncrementCycle>
</Column>
</columns>
<indexes itemClass="oracle.dbtools.crest.model.design.relational.Index">
<ind_PK_UK id="9423A720-8AFA-9D3D-3A09-556DB00FE740" name="TBL_TIPOS_PAGO_PK">
<createdBy>Erick Marín</createdBy>
<createdTime>2016-08-10 17:50:32 UTC</createdTime>
<ownerDesignName>Youtube</ownerDesignName>
<pk>true</pk>
<indexState>Primary Constraint</indexState>
<isSurrogateKey>false</isSurrogateKey>
<indexColumnUsage>
<colUsage columnID="5778B6AB-0857-D001-ED8C-93BAD01B9735"/>
</indexColumnUsage>
</ind_PK_UK>
</indexes>
</Table>