<?xml version = '1.0' encoding = 'UTF-8'?>
<Table class="oracle.dbtools.crest.model.design.relational.Table" directorySegmentName="seg_0" id="4040AF66-73AA-467A-3817-ADAF7295ED2E" name="TBL_NOTIFICACIONES">
<createdBy>erick.marin</createdBy>
<createdTime>2024-03-08 16:00:36 UTC</createdTime>
<ownerDesignName>Youtube</ownerDesignName>
<ordsAlias>table_39</ordsAlias>
<allowColumnReorder>false</allowColumnReorder>
<existDependencyGenerateInDDl>true</existDependencyGenerateInDDl>
<parsed>true</parsed>
<columns itemClass="oracle.dbtools.crest.model.design.relational.Column">
<Column name="CODIGO_NOTIFICACION" id="F78D6BB8-0EF5-4777-30BC-DEE85A263FF8">
<createdBy>erick.marin</createdBy>
<createdTime>2024-03-08 16:02:30 UTC</createdTime>
<ownerDesignName>Youtube</ownerDesignName>
<useDomainConstraints>false</useDomainConstraints>
<use>1</use>
<logicalDatatype>LOGDT011</logicalDatatype>
<ownDataTypeParameters>,,</ownDataTypeParameters>
<autoIncrementCycle>false</autoIncrementCycle>
</Column>
<Column name="CODIGO_USUARIO_DESTINO" id="C93477A8-B90E-BBA5-BDA6-397EB60CE4A8">
<createdBy>erick.marin</createdBy>
<createdTime>2024-03-08 16:03:03 UTC</createdTime>
<ownerDesignName>Youtube</ownerDesignName>
<useDomainConstraints>false</useDomainConstraints>
<use>1</use>
<logicalDatatype>LOGDT011</logicalDatatype>
<ownDataTypeParameters>,,</ownDataTypeParameters>
<previousColumn>false</previousColumn>
<autoIncrementCycle>false</autoIncrementCycle>
<associations>
<colAssociation fkAssociation="EF2EF2B9-5508-9A29-EE25-7BEC58AD818A" referredColumn="84ED8063-FF90-AB1B-31FD-43041E07C864"/>
</associations>
</Column>
<Column name="FECHA_HORA_ENVIO" id="E479C978-EAB7-C7E4-F672-EDEACA7F552F">
<createdBy>erick.marin</createdBy>
<createdTime>2024-03-08 16:02:30 UTC</createdTime>
<ownerDesignName>Youtube</ownerDesignName>
<nullsAllowed>true</nullsAllowed>
<useDomainConstraints>false</useDomainConstraints>
<use>1</use>
<logicalDatatype>LOGDT007</logicalDatatype>
<ownDataTypeParameters>,,</ownDataTypeParameters>
<autoIncrementCycle>false</autoIncrementCycle>
</Column>
<Column name="TEXTO_NOTIFICACION" id="7C8D8A4E-D7AC-9F66-AB64-051C8FD4A2A5">
<createdBy>erick.marin</createdBy>
<createdTime>2024-03-08 16:02:30 UTC</createdTime>
<ownerDesignName>Youtube</ownerDesignName>
<nullsAllowed>true</nullsAllowed>
<useDomainConstraints>false</useDomainConstraints>
<use>1</use>
<logicalDatatype>LOGDT024</logicalDatatype>
<dataTypeSize>1000</dataTypeSize>
<ownDataTypeParameters>1000,,</ownDataTypeParameters>
<autoIncrementCycle>false</autoIncrementCycle>
</Column>
<Column name="CODIGO_VIDEO" id="970598C0-607E-891E-21A3-DD18CE13FBEB">
<createdBy>erick.marin</createdBy>
<createdTime>2024-03-08 16:02:38 UTC</createdTime>
<ownerDesignName>Youtube</ownerDesignName>
<nullsAllowed>true</nullsAllowed>
<useDomainConstraints>false</useDomainConstraints>
<use>1</use>
<logicalDatatype>LOGDT011</logicalDatatype>
<ownDataTypeParameters>,,</ownDataTypeParameters>
<previousColumn>false</previousColumn>
<autoIncrementCycle>false</autoIncrementCycle>
<associations>
<colAssociation fkAssociation="4FA7FE3B-A566-9E3F-BB21-DEF9FDC4C7B5" referredColumn="AC03BEFF-B742-6B07-4018-F71ECF873A5A"/>
</associations>
</Column>
<Column name="CODIGO_USUARIO_ORIGEN" id="B9114CC2-F888-96DD-AF21-47373FB1A60C">
<createdBy>erick.marin</createdBy>
<createdTime>2024-03-08 16:04:13 UTC</createdTime>
<ownerDesignName>Youtube</ownerDesignName>
<nullsAllowed>true</nullsAllowed>
<useDomainConstraints>false</useDomainConstraints>
<use>1</use>
<logicalDatatype>LOGDT011</logicalDatatype>
<ownDataTypeParameters>,,</ownDataTypeParameters>
<previousColumn>false</previousColumn>
<autoIncrementCycle>false</autoIncrementCycle>
<associations>
<colAssociation fkAssociation="E010637C-EDD4-DC74-6565-8FD1635C795D" referredColumn="84ED8063-FF90-AB1B-31FD-43041E07C864"/>
</associations>
</Column>
</columns>
<indexes itemClass="oracle.dbtools.crest.model.design.relational.Index">
<ind_PK_UK id="8BAAB1EA-FE31-AF5F-9B4F-07648334C9B4" name="TBL_NOTIFICACIONES_PK">
<createdBy>erick.marin</createdBy>
<createdTime>2024-03-08 16:02:30 UTC</createdTime>
<ownerDesignName>Youtube</ownerDesignName>
<pk>true</pk>
<indexState>Primary Constraint</indexState>
<isSurrogateKey>false</isSurrogateKey>
<indexColumnUsage>
<colUsage columnID="F78D6BB8-0EF5-4777-30BC-DEE85A263FF8"/>
</indexColumnUsage>
</ind_PK_UK>
<ind_PK_UK id="80645587-2725-5530-915B-79B7D633D4DF" name="TBL_NOTI_TBL_VIDEOS_FK">
<createdBy>erick.marin</createdBy>
<createdTime>2024-03-08 16:02:38 UTC</createdTime>
<ownerDesignName>Youtube</ownerDesignName>
<indexState>Foreign Key</indexState>
<isSurrogateKey>false</isSurrogateKey>
<indexColumnUsage>
<colUsage columnID="970598C0-607E-891E-21A3-DD18CE13FBEB"/>
</indexColumnUsage>
</ind_PK_UK>
<ind_PK_UK id="316F525E-6A07-2C18-3E57-19838CC513ED" name="TBL_NOTI_USUARIOS_FK">
<createdBy>erick.marin</createdBy>
<createdTime>2024-03-08 16:03:03 UTC</createdTime>
<ownerDesignName>Youtube</ownerDesignName>
<indexState>Foreign Key</indexState>
<isSurrogateKey>false</isSurrogateKey>
<indexColumnUsage>
<colUsage columnID="C93477A8-B90E-BBA5-BDA6-397EB60CE4A8"/>
</indexColumnUsage>
</ind_PK_UK>
<ind_PK_UK id="8E1CCFC3-1BA2-DF0B-D996-AE5153235229" name="TBL_NOTI_TBL_USUARIOS_FKv2">
<createdBy>erick.marin</createdBy>
<createdTime>2024-03-08 16:04:13 UTC</createdTime>
<ownerDesignName>Youtube</ownerDesignName>
<indexState>Foreign Key</indexState>
<isSurrogateKey>false</isSurrogateKey>
<indexColumnUsage>
<colUsage columnID="B9114CC2-F888-96DD-AF21-47373FB1A60C"/>
</indexColumnUsage>
</ind_PK_UK>
</indexes>
</Table>