<?xml version = '1.0' encoding = 'UTF-8'?>
<Table class="oracle.dbtools.crest.model.design.relational.Table" directorySegmentName="seg_0" id="4CD72ABA-07CD-3C3A-B634-A5926F466083" name="TBL_IDIOMAS">
<createdBy>Erick Marín</createdBy>
<createdTime>2016-08-08 17:45:28 UTC</createdTime>
<ownerDesignName>Youtube</ownerDesignName>
<allowColumnReorder>false</allowColumnReorder>
<existDependencyGenerateInDDl>true</existDependencyGenerateInDDl>
<columns itemClass="oracle.dbtools.crest.model.design.relational.Column">
<Column name="CODIGO_IDIOMA" id="BF573103-E45A-83FE-9C04-8194738D0D59">
<createdBy>Erick Marín</createdBy>
<createdTime>2016-08-08 17:46:22 UTC</createdTime>
<ownerDesignName>Youtube</ownerDesignName>
<useDomainConstraints>false</useDomainConstraints>
<use>1</use>
<logicalDatatype>LOGDT011</logicalDatatype>
<autoIncrementCycle>false</autoIncrementCycle>
</Column>
<Column name="NOMBRE_IDIOMA" id="92DA899F-0EE0-43CE-B1A3-6E8EC71006FB">
<createdBy>Erick Marín</createdBy>
<createdTime>2016-08-08 17:46:22 UTC</createdTime>
<ownerDesignName>Youtube</ownerDesignName>
<useDomainConstraints>false</useDomainConstraints>
<use>1</use>
<logicalDatatype>A3A3C77D-0366-9768-FF89-1C25E56881C8</logicalDatatype>
<dataTypeSize>200</dataTypeSize>
<autoIncrementCycle>false</autoIncrementCycle>
</Column>
<Column name="ABREVIATURA" id="6ED62790-DB3E-2FD3-DD7D-0081E0FD279A">
<createdBy>Erick Marín</createdBy>
<createdTime>2016-08-08 17:46:22 UTC</createdTime>
<ownerDesignName>Youtube</ownerDesignName>
<useDomainConstraints>false</useDomainConstraints>
<use>1</use>
<logicalDatatype>A3A3C77D-0366-9768-FF89-1C25E56881C8</logicalDatatype>
<dataTypeSize>5</dataTypeSize>
<autoIncrementCycle>false</autoIncrementCycle>
</Column>
</columns>
<indexes itemClass="oracle.dbtools.crest.model.design.relational.Index">
<ind_PK_UK id="703191A0-2B87-7DFC-C0C3-7161B7A06ACC" name="TBL_IDIOMAS_PK">
<createdBy>Erick Marín</createdBy>
<createdTime>2016-08-08 17:46:22 UTC</createdTime>
<ownerDesignName>Youtube</ownerDesignName>
<pk>true</pk>
<indexState>Primary Constraint</indexState>
<isSurrogateKey>false</isSurrogateKey>
<indexColumnUsage>
<colUsage columnID="BF573103-E45A-83FE-9C04-8194738D0D59"/>
</indexColumnUsage>
</ind_PK_UK>
</indexes>
</Table>