<?xml version = '1.0' encoding = 'UTF-8'?>
<Table class="oracle.dbtools.crest.model.design.relational.Table" directorySegmentName="seg_0" id="CFEC0E60-C75C-643D-0964-B1317F75ADEF" name="TBL_CLASIFICACIONES">
<createdBy>Erick Marín</createdBy>
<createdTime>2016-08-09 17:38:46 UTC</createdTime>
<ownerDesignName>Youtube</ownerDesignName>
<allowColumnReorder>false</allowColumnReorder>
<existDependencyGenerateInDDl>true</existDependencyGenerateInDDl>
<columns itemClass="oracle.dbtools.crest.model.design.relational.Column">
<Column name="CODIGO_CLASIFICACION" id="470906CA-FE55-06C9-98E6-043C1113FC4D">
<createdBy>Erick Marín</createdBy>
<createdTime>2016-08-09 17:39:35 UTC</createdTime>
<ownerDesignName>Youtube</ownerDesignName>
<useDomainConstraints>false</useDomainConstraints>
<use>1</use>
<logicalDatatype>LOGDT011</logicalDatatype>
<autoIncrementCycle>false</autoIncrementCycle>
</Column>
<Column name="NOMBRE_CLASIFICACION" id="F811DA8B-DA9E-DF1F-3F52-628E1AC1F239">
<createdBy>Erick Marín</createdBy>
<createdTime>2016-08-09 17:39:35 UTC</createdTime>
<ownerDesignName>Youtube</ownerDesignName>
<useDomainConstraints>false</useDomainConstraints>
<use>1</use>
<logicalDatatype>A3A3C77D-0366-9768-FF89-1C25E56881C8</logicalDatatype>
<dataTypeSize>200</dataTypeSize>
<autoIncrementCycle>false</autoIncrementCycle>
</Column>
</columns>
<indexes itemClass="oracle.dbtools.crest.model.design.relational.Index">
<ind_PK_UK id="6E513DFF-E885-EDFE-77EA-DD33852545E8" name="TBL_CLASIFICACIONES_PK">
<createdBy>Erick Marín</createdBy>
<createdTime>2016-08-09 17:39:35 UTC</createdTime>
<ownerDesignName>Youtube</ownerDesignName>
<pk>true</pk>
<indexState>Primary Constraint</indexState>
<isSurrogateKey>false</isSurrogateKey>
<indexColumnUsage>
<colUsage columnID="470906CA-FE55-06C9-98E6-043C1113FC4D"/>
</indexColumnUsage>
</ind_PK_UK>
</indexes>
</Table>