<?xml version = '1.0' encoding = 'UTF-8'?>
<Table class="oracle.dbtools.crest.model.design.relational.Table" directorySegmentName="seg_0" id="D57AD5E3-A77A-2A2D-DC97-A5BA59EE4EB7" name="TBL_TIPOS_LISTAS_REPRODUCCION">
<createdBy>Erick Marín</createdBy>
<createdTime>2016-08-10 17:34:37 UTC</createdTime>
<ownerDesignName>Youtube</ownerDesignName>
<allowColumnReorder>false</allowColumnReorder>
<existDependencyGenerateInDDl>true</existDependencyGenerateInDDl>
<columns itemClass="oracle.dbtools.crest.model.design.relational.Column">
<Column name="CODIGO_TIPO_LISTA" id="72CBEB67-FBD9-73AF-37C2-605F5B3CE99C">
<createdBy>Erick Marín</createdBy>
<createdTime>2016-08-10 17:37:27 UTC</createdTime>
<ownerDesignName>Youtube</ownerDesignName>
<useDomainConstraints>false</useDomainConstraints>
<use>1</use>
<logicalDatatype>LOGDT011</logicalDatatype>
<autoIncrementCycle>false</autoIncrementCycle>
</Column>
<Column name="NOMBRE_TIPO_LISTA" id="74CD9D8F-5369-94FC-A1EA-DCBE1F00CC96">
<createdBy>Erick Marín</createdBy>
<createdTime>2016-08-10 17:37:27 UTC</createdTime>
<ownerDesignName>Youtube</ownerDesignName>
<useDomainConstraints>false</useDomainConstraints>
<use>1</use>
<logicalDatatype>A3A3C77D-0366-9768-FF89-1C25E56881C8</logicalDatatype>
<dataTypeSize>200</dataTypeSize>
<autoIncrementCycle>false</autoIncrementCycle>
</Column>
</columns>
<indexes itemClass="oracle.dbtools.crest.model.design.relational.Index">
<ind_PK_UK id="38A69C05-E09A-704A-403D-6B0A91C11546" name="TIP_LIS_REP_PK">
<createdBy>Erick Marín</createdBy>
<createdTime>2016-08-10 17:37:27 UTC</createdTime>
<ownerDesignName>Youtube</ownerDesignName>
<pk>true</pk>
<indexState>Primary Constraint</indexState>
<isSurrogateKey>false</isSurrogateKey>
<indexColumnUsage>
<colUsage columnID="72CBEB67-FBD9-73AF-37C2-605F5B3CE99C"/>
</indexColumnUsage>
</ind_PK_UK>
</indexes>
</Table>