<?xml version = '1.0' encoding = 'UTF-8'?>
<Table class="oracle.dbtools.crest.model.design.relational.Table" directorySegmentName="seg_0" id="EFFE0BD0-6452-40ED-650C-C130A845E35B" name="TBL_USUARIO_ETIQUETADOS">
<createdBy>Erick Marín</createdBy>
<createdTime>2016-08-05 17:27:12 UTC</createdTime>
<ownerDesignName>Youtube</ownerDesignName>
<allowColumnReorder>false</allowColumnReorder>
<existDependencyGenerateInDDl>true</existDependencyGenerateInDDl>
<columns itemClass="oracle.dbtools.crest.model.design.relational.Column">
<Column name="CODIGO_COMENTARIO" id="39C482BB-66E0-11FC-26BB-0703D4E32F06">
<createdBy>Erick Marín</createdBy>
<createdTime>2016-08-05 17:28:17 UTC</createdTime>
<ownerDesignName>Youtube</ownerDesignName>
<useDomainConstraints>false</useDomainConstraints>
<use>1</use>
<logicalDatatype>LOGDT011</logicalDatatype>
<previousColumn>false</previousColumn>
<autoIncrementCycle>false</autoIncrementCycle>
<associations>
<colAssociation fkAssociation="C60B6CE0-DE37-1025-0E5E-76FF9288F0D1" referredColumn="0750401C-B120-61D9-05E6-14556ED07747"/>
</associations>
</Column>
<Column name="CODIGO_USUARIO" id="7B929343-E8B4-5435-9D32-BF5564F89183">
<createdBy>Erick Marín</createdBy>
<createdTime>2016-08-05 17:28:23 UTC</createdTime>
<ownerDesignName>Youtube</ownerDesignName>
<useDomainConstraints>false</useDomainConstraints>
<use>1</use>
<logicalDatatype>LOGDT011</logicalDatatype>
<previousColumn>false</previousColumn>
<autoIncrementCycle>false</autoIncrementCycle>
<associations>
<colAssociation fkAssociation="0DC56AB6-151D-D288-6FB7-1A3087F470AA" referredColumn="84ED8063-FF90-AB1B-31FD-43041E07C864"/>
</associations>
</Column>
<Column name="FECHA_ETIQUETA" id="282AE318-21A0-9DF2-BEBA-630D1E9FFAE0">
<createdBy>Erick Marín</createdBy>
<createdTime>2016-08-08 17:10:51 UTC</createdTime>
<ownerDesignName>Youtube</ownerDesignName>
<useDomainConstraints>false</useDomainConstraints>
<use>1</use>
<logicalDatatype>LOGDT007</logicalDatatype>
<autoIncrementCycle>false</autoIncrementCycle>
</Column>
</columns>
<indexes itemClass="oracle.dbtools.crest.model.design.relational.Index">
<ind_PK_UK id="16E44517-8BA6-E843-950D-C8356E232112" name="TBL_USUARIO_ETIQUETADOS_PK">
<createdBy>Erick Marín</createdBy>
<createdTime>2016-08-08 17:10:32 UTC</createdTime>
<ownerDesignName>Youtube</ownerDesignName>
<pk>true</pk>
<indexState>Primary Constraint</indexState>
<isSurrogateKey>false</isSurrogateKey>
<indexColumnUsage>
<colUsage columnID="39C482BB-66E0-11FC-26BB-0703D4E32F06"/>
<colUsage columnID="7B929343-E8B4-5435-9D32-BF5564F89183"/>
</indexColumnUsage>
</ind_PK_UK>
<ind_PK_UK id="D1822DEA-F8A5-AB57-74F7-73F173AD8925" name="USU_ETIQ_COM_FK">
<createdBy>Erick Marín</createdBy>
<createdTime>2016-08-05 17:28:17 UTC</createdTime>
<ownerDesignName>Youtube</ownerDesignName>
<indexState>Foreign Key</indexState>
<isSurrogateKey>false</isSurrogateKey>
<indexColumnUsage>
<colUsage columnID="39C482BB-66E0-11FC-26BB-0703D4E32F06"/>
</indexColumnUsage>
</ind_PK_UK>
<ind_PK_UK id="C4B1D63D-647F-F609-2CBB-4445379246B1" name="USU_ETIQ_USU_FK">
<createdBy>Erick Marín</createdBy>
<createdTime>2016-08-05 17:28:23 UTC</createdTime>
<ownerDesignName>Youtube</ownerDesignName>
<indexState>Foreign Key</indexState>
<isSurrogateKey>false</isSurrogateKey>
<indexColumnUsage>
<colUsage columnID="7B929343-E8B4-5435-9D32-BF5564F89183"/>
</indexColumnUsage>
</ind_PK_UK>
</indexes>
</Table>